epoch,train_loss,valid_acc,test_acc
0,431.8022540807724,0.8798333333333334,0.8836
